{"natoms": [18], "npair": [153], "name": ["naphthalene"], "ele": [["C", "C", "C", "C", "C", "C", "C", "C", "C", "C", "H", "H", "H", "H", "H", "H", "H", "H"]], "pos": [[[-1.569539, -0.342058, 0.0], [-2.767723, -0.997797, 0.0], [-0.349766, -1.060811, 0.0], [-0.388581, -2.479372, 0.0], [-1.645839, -3.130341, 0.0], [-2.806367, -2.410059, 0.0], [0.907487, -0.409835, 0.0], [0.831198, -3.198119, 0.0], [2.068019, -1.130114, 0.0], [2.029377, -2.542376, 0.0], [-1.534537, 0.741068, 0.0], [-3.693307, -0.436851, 0.0], [-1.670122, -4.21376, 0.0], [-3.761246, -2.91954, 0.0], [0.931767, 0.673584, 0.0], [3.022893, -0.620622, 0.0], [0.796199, -4.281244, 0.0], [2.954967, -3.103312, 0.0]]], "pari": [[1, 1, 1, 1, 1, 1, 1, 1, 1, 1, 1, 1, 1, 1, 1, 1, 1, 2, 2, 2, 2, 2, 2, 2, 2, 2, 2, 2, 2, 2, 2, 2, 2, 3, 3, 3, 3, 3, 3, 3, 3, 3, 3, 3, 3, 3, 3, 3, 4, 4, 4, 4, 4, 4, 4, 4, 4, 4, 4, 4, 4, 4, 5, 5, 5, 5, 5, 5, 5, 5, 5, 5, 5, 5, 5, 6, 6, 6, 6, 6, 6, 6, 6, 6, 6, 6, 6, 7, 7, 7, 7, 7, 7, 7, 7, 7, 7, 7, 8, 8, 8, 8, 8, 8, 8, 8, 8, 8, 9, 9, 9, 9, 9, 9, 9, 9, 9, 10, 10, 10, 10, 10, 10, 10, 10, 11, 11, 11, 11, 11, 11, 11, 12, 12, 12, 12, 12, 12, 13, 13, 13, 13, 13, 14, 14, 14, 14, 15, 15, 15, 16, 16, 17]], "parj": [[2, 3, 4, 5, 6, 7, 8, 9, 10, 11, 12, 13, 14, 15, 16, 17, 18, 3, 4, 5, 6, 7, 8, 9, 10, 11, 12, 13, 14, 15, 16, 17, 18, 4, 5, 6, 7, 8, 9, 10, 11, 12, 13, 14, 15, 16, 17, 18, 5, 6, 7, 8, 9, 10, 11, 12, 13, 14, 15, 16, 17, 18, 6, 7, 8, 9, 10, 11, 12, 13, 14, 15, 16, 17, 18, 7, 8, 9, 10, 11, 12, 13, 14, 15, 16, 17, 18, 8, 9, 10, 11, 12, 13, 14, 15, 16, 17, 18, 9, 10, 11, 12, 13, 14, 15, 16, 17, 18, 10, 11, 12, 13, 14, 15, 16, 17, 18, 11, 12, 13, 14, 15, 16, 17, 18, 12, 13, 14, 15, 16, 17, 18, 13, 14, 15, 16, 17, 18, 14, 15, 16, 17, 18, 15, 16, 17, 18, 16, 17, 18, 17, 18, 18]]}